Player,REC,TGT,YDS,Y/R,LG,20+,TD,ATT,YDS.1,TD.1,FL,G,POS
CeeDee Lamb (DAL),135.0,181.0,"1,749",13.0,92.0,29.0,12.0,14.0,113.0,2.0,2.0,17.0,WR
Tyreek Hill (MIA),119.0,171.0,"1,799",15.1,78.0,29.0,13.0,6.0,15.0,0.0,1.0,16.0,WR
Amon-Ra St. Brown (DET),119.0,164.0,"1,515",12.7,70.0,24.0,10.0,4.0,24.0,0.0,1.0,16.0,WR
Mike Evans (TB),79.0,136.0,"1,255",15.9,75.0,20.0,13.0,0.0,0.0,0.0,0.0,17.0,WR
Puka Nacua (LAR),105.0,160.0,"1,486",14.2,80.0,25.0,6.0,12.0,89.0,0.0,0.0,17.0,WR
DJ Moore (CHI),96.0,136.0,"1,364",14.2,58.0,25.0,8.0,4.0,21.0,1.0,1.0,17.0,WR
Deebo Samuel Sr. (SF),60.0,89.0,892,14.9,54.0,15.0,7.0,37.0,225.0,5.0,0.0,15.0,WR
A.J. Brown (PHI),106.0,158.0,"1,456",13.7,59.0,21.0,7.0,0.0,0.0,0.0,2.0,17.0,WR
Nico Collins (HOU),80.0,109.0,"1,297",16.2,75.0,25.0,8.0,1.0,7.0,0.0,0.0,15.0,WR
Brandon Aiyuk (SF),75.0,105.0,"1,342",17.9,76.0,28.0,7.0,0.0,0.0,0.0,1.0,16.0,WR
Keenan Allen (CHI),108.0,150.0,"1,243",11.5,42.0,19.0,7.0,2.0,6.0,0.0,1.0,13.0,WR
Stefon Diggs (HOU),107.0,160.0,"1,183",11.1,55.0,10.0,8.0,1.0,5.0,0.0,1.0,17.0,WR
Ja'Marr Chase (CIN),100.0,145.0,"1,216",12.2,76.0,14.0,7.0,3.0,-6.0,0.0,0.0,16.0,WR
Davante Adams (LV),103.0,175.0,"1,144",11.1,46.0,13.0,8.0,0.0,0.0,0.0,0.0,17.0,WR
DK Metcalf (SEA),66.0,119.0,"1,114",16.9,73.0,19.0,8.0,0.0,0.0,0.0,0.0,16.0,WR
Amari Cooper (CLE),72.0,128.0,"1,250",17.4,75.0,21.0,5.0,0.0,0.0,0.0,1.0,15.0,WR
Calvin Ridley (TEN),76.0,136.0,"1,016",13.4,59.0,17.0,8.0,9.0,23.0,0.0,0.0,17.0,WR
Jayden Reed (GB),64.0,94.0,793,12.4,59.0,13.0,8.0,11.0,119.0,2.0,0.0,16.0,WR
Jordan Addison (MIN),70.0,108.0,911,13.0,62.0,15.0,10.0,1.0,2.0,0.0,0.0,17.0,WR
DeAndre Hopkins (TEN),75.0,137.0,"1,057",14.1,61.0,15.0,7.0,2.0,9.0,0.0,0.0,17.0,WR
Jakobi Meyers (LV),71.0,106.0,807,11.4,33.0,8.0,8.0,4.0,24.0,2.0,0.0,16.0,WR
DeVonta Smith (PHI),81.0,112.0,"1,066",13.2,63.0,14.0,7.0,0.0,0.0,0.0,1.0,16.0,WR
George Pickens (PIT),63.0,106.0,"1,140",18.1,86.0,22.0,5.0,3.0,18.0,0.0,0.0,17.0,WR
Chris Olave (NO),87.0,138.0,"1,123",12.9,51.0,16.0,5.0,0.0,0.0,0.0,0.0,16.0,WR
Michael Pittman Jr. (IND),109.0,156.0,"1,152",10.6,75.0,10.0,4.0,0.0,0.0,0.0,1.0,16.0,WR
Justin Jefferson (MIN),68.0,100.0,"1,074",15.8,52.0,25.0,5.0,1.0,-12.0,0.0,1.0,10.0,WR
Rashee Rice (KC),79.0,102.0,938,11.9,67.0,10.0,7.0,1.0,-3.0,0.0,1.0,16.0,WR
Courtland Sutton (DEN),59.0,90.0,772,13.1,46.0,14.0,10.0,0.0,0.0,0.0,3.0,16.0,WR
Zay Flowers (BAL),77.0,108.0,858,11.1,75.0,12.0,5.0,8.0,56.0,1.0,0.0,16.0,WR
Adam Thielen (CAR),103.0,137.0,"1,014",9.8,32.0,9.0,4.0,1.0,6.0,0.0,0.0,17.0,WR
Jaylen Waddle (MIA),72.0,104.0,"1,014",14.1,60.0,12.0,4.0,3.0,12.0,0.0,0.0,14.0,WR
Chris Godwin (TB),83.0,130.0,"1,024",12.3,47.0,14.0,2.0,4.0,38.0,1.0,0.0,17.0,WR
Terry McLaurin (WAS),79.0,132.0,"1,002",12.7,48.0,15.0,4.0,0.0,0.0,0.0,0.0,17.0,WR
Tyler Lockett (SEA),79.0,122.0,894,11.3,37.0,9.0,5.0,0.0,0.0,0.0,0.0,17.0,WR
Brandin Cooks (DAL),54.0,81.0,657,12.2,37.0,11.0,8.0,5.0,35.0,0.0,0.0,16.0,WR
Garrett Wilson (NYJ),95.0,168.0,"1,042",11.0,68.0,11.0,3.0,4.0,0.0,0.0,2.0,17.0,WR
Tank Dell (HOU),47.0,75.0,709,15.1,68.0,10.0,7.0,11.0,51.0,0.0,0.0,11.0,WR
Gabe Davis (JAC),45.0,81.0,746,16.6,57.0,12.0,7.0,1.0,-2.0,0.0,1.0,17.0,WR
Romeo Doubs (GB),59.0,96.0,674,11.4,36.0,7.0,8.0,0.0,0.0,0.0,0.0,17.0,WR
Rashid Shaheed (NO),46.0,75.0,719,15.6,58.0,12.0,5.0,7.0,37.0,0.0,1.0,16.0,WR
Cooper Kupp (LAR),59.0,95.0,737,12.5,62.0,10.0,5.0,1.0,-3.0,0.0,0.0,12.0,WR
Drake London (ATL),69.0,110.0,905,13.1,45.0,17.0,2.0,0.0,0.0,0.0,0.0,16.0,WR
Diontae Johnson (CAR),51.0,87.0,717,14.1,71.0,10.0,5.0,0.0,0.0,0.0,0.0,13.0,WR
Darius Slayton (NYG),50.0,79.0,770,15.4,80.0,11.0,4.0,0.0,0.0,0.0,0.0,17.0,WR
Tee Higgins (CIN),42.0,76.0,656,15.6,80.0,8.0,5.0,0.0,0.0,0.0,0.0,12.0,WR
Curtis Samuel (BUF),62.0,91.0,613,9.9,37.0,7.0,4.0,7.0,39.0,1.0,0.0,16.0,WR
Christian Kirk (JAC),57.0,85.0,787,13.8,57.0,13.0,3.0,1.0,6.0,0.0,2.0,12.0,WR
Josh Downs (IND),68.0,98.0,771,11.3,59.0,10.0,2.0,0.0,0.0,0.0,0.0,17.0,WR
Josh Reynolds (DEN),40.0,64.0,608,15.2,33.0,17.0,5.0,0.0,0.0,0.0,1.0,17.0,WR
Jerry Jeudy (CLE),54.0,87.0,758,14.0,47.0,10.0,2.0,0.0,0.0,0.0,0.0,16.0,WR
Jaxon Smith-Njigba (SEA),63.0,93.0,628,10.0,35.0,7.0,4.0,0.0,0.0,0.0,0.0,17.0,WR
Hollywood Brown (KC),51.0,101.0,574,11.3,41.0,8.0,4.0,2.0,23.0,0.0,0.0,14.0,WR
Dontayvion Wicks (GB),39.0,58.0,581,14.9,35.0,11.0,4.0,1.0,1.0,0.0,1.0,15.0,WR
DJ Chark Jr. (LAC),35.0,66.0,525,15.0,47.0,9.0,5.0,0.0,0.0,0.0,1.0,15.0,WR
Tyler Boyd (TEN),67.0,98.0,667,10.0,64.0,6.0,2.0,2.0,11.0,0.0,0.0,17.0,WR
Michael Wilson (ARI),38.0,58.0,565,14.9,69.0,7.0,3.0,0.0,0.0,0.0,0.0,13.0,WR
Jahan Dotson (WAS),49.0,83.0,518,10.6,33.0,5.0,4.0,0.0,0.0,0.0,0.0,17.0,WR
Khalil Shakir (BUF),39.0,45.0,611,15.7,81.0,10.0,2.0,1.0,10.0,0.0,0.0,17.0,WR
Tutu Atwell (LAR),39.0,67.0,483,12.4,44.0,8.0,3.0,5.0,31.0,0.0,0.0,16.0,WR
Christian Watson (GB),28.0,53.0,422,15.1,77.0,5.0,5.0,4.0,11.0,0.0,0.0,9.0,WR
Wan'Dale Robinson (NYG),60.0,78.0,525,8.8,33.0,7.0,1.0,9.0,87.0,1.0,0.0,15.0,WR
Elijah Moore (CLE),59.0,104.0,640,10.8,42.0,9.0,2.0,9.0,11.0,0.0,2.0,17.0,WR
Odell Beckham Jr. (MIA),35.0,64.0,565,16.1,51.0,10.0,3.0,0.0,0.0,0.0,1.0,14.0,WR
K.J. Osborn (NE),48.0,75.0,540,11.3,47.0,6.0,3.0,0.0,0.0,0.0,0.0,16.0,WR
Joshua Palmer (LAC),38.0,61.0,581,15.3,79.0,9.0,2.0,1.0,6.0,0.0,1.0,11.0,WR
Noah Brown (HOU),33.0,55.0,567,17.2,75.0,14.0,2.0,1.0,-1.0,0.0,0.0,10.0,WR
Rondale Moore (ATL),40.0,62.0,352,8.8,48.0,4.0,1.0,28.0,178.0,1.0,0.0,17.0,WR
Alec Pierce (IND),32.0,65.0,514,16.1,58.0,8.0,2.0,0.0,0.0,0.0,0.0,17.0,WR
Kendrick Bourne (NE),37.0,55.0,406,11.0,36.0,5.0,4.0,1.0,4.0,0.0,1.0,8.0,WR
Kalif Raymond (DET),35.0,44.0,489,14.0,41.0,9.0,1.0,7.0,75.0,0.0,0.0,17.0,WR
Nelson Agholor (BAL),35.0,45.0,381,10.9,37.0,4.0,4.0,0.0,0.0,0.0,0.0,17.0,WR
Justin Watson (KC),27.0,53.0,460,17.0,41.0,8.0,3.0,0.0,0.0,0.0,1.0,16.0,WR
Demarcus Robinson (LAR),26.0,39.0,371,14.3,37.0,7.0,4.0,1.0,23.0,0.0,1.0,13.0,WR
DeMario Douglas (NE),49.0,79.0,561,11.4,42.0,6.0,0.0,8.0,41.0,0.0,1.0,14.0,WR
Nick Westbrook-Ikhine (TEN),28.0,45.0,370,13.2,33.0,8.0,3.0,0.0,0.0,0.0,0.0,14.0,WR
Trey Palmer (TB),39.0,68.0,385,9.9,54.0,6.0,3.0,3.0,22.0,0.0,1.0,17.0,WR
Jameson Williams (DET),24.0,42.0,354,14.8,63.0,5.0,2.0,3.0,29.0,1.0,0.0,12.0,WR
Quentin Johnston (LAC),38.0,67.0,431,11.3,57.0,5.0,2.0,3.0,9.0,0.0,0.0,17.0,WR
Brandon Johnson (DEN),19.0,30.0,284,14.9,50.0,6.0,4.0,0.0,0.0,0.0,0.0,13.0,WR
Michael Gallup (FA),34.0,57.0,418,12.3,41.0,6.0,2.0,0.0,0.0,0.0,0.0,17.0,WR
Tre Tucker (LV),19.0,34.0,331,17.4,50.0,6.0,2.0,10.0,77.0,0.0,0.0,16.0,WR
Michael Thomas (FA),39.0,64.0,448,11.5,31.0,4.0,1.0,0.0,0.0,0.0,0.0,10.0,WR
Robert Woods (HOU),40.0,75.0,426,10.7,26.0,2.0,1.0,1.0,7.0,0.0,0.0,14.0,WR
Marvin Mims Jr. (DEN),22.0,33.0,377,17.1,60.0,6.0,1.0,9.0,30.0,0.0,2.0,16.0,WR
A.T. Perry (NO),12.0,18.0,246,20.5,44.0,5.0,4.0,0.0,0.0,0.0,0.0,10.0,WR
Darnell Mooney (ATL),31.0,61.0,414,13.4,41.0,7.0,1.0,2.0,5.0,0.0,0.0,15.0,WR
KaVontae Turpin (DAL),12.0,18.0,127,10.6,34.0,2.0,3.0,11.0,110.0,1.0,0.0,16.0,WR
Cedrick Wilson Jr. (NO),22.0,38.0,296,13.5,31.0,5.0,3.0,0.0,0.0,0.0,0.0,15.0,WR
Chris Moore (ARI),22.0,35.0,424,19.3,49.0,9.0,0.0,2.0,39.0,0.0,0.0,17.0,WR
Rashod Bateman (BAL),32.0,56.0,367,11.5,29.0,2.0,1.0,1.0,18.0,0.0,0.0,16.0,WR
Zay Jones (ARI),34.0,64.0,321,9.4,36.0,3.0,2.0,0.0,0.0,0.0,0.0,9.0,WR
Jonathan Mingo (CAR),43.0,85.0,418,9.7,40.0,6.0,0.0,0.0,0.0,0.0,0.0,15.0,WR
Greg Dortch (ARI),24.0,41.0,280,11.7,38.0,3.0,2.0,1.0,5.0,0.0,0.0,16.0,WR
DeVante Parker (FA),33.0,55.0,394,11.9,30.0,6.0,0.0,0.0,0.0,0.0,0.0,13.0,WR
Isaiah Hodgins (NYG),21.0,33.0,230,11.0,24.0,1.0,3.0,0.0,0.0,0.0,1.0,17.0,WR
Brandon Powell (MIN),29.0,44.0,324,11.2,28.0,6.0,1.0,5.0,17.0,0.0,1.0,17.0,WR
Jake Bobo (SEA),19.0,25.0,196,10.3,31.0,3.0,2.0,1.0,3.0,1.0,0.0,17.0,WR
Xavier Gipson (NYJ),21.0,38.0,229,10.9,36.0,4.0,0.0,8.0,68.0,1.0,2.0,17.0,WR
Trenton Irwin (CIN),25.0,32.0,316,12.6,32.0,7.0,1.0,0.0,0.0,0.0,0.0,16.0,WR
Jalin Hyatt (NYG),23.0,40.0,373,16.2,58.0,7.0,0.0,0.0,0.0,0.0,0.0,17.0,WR
Allen Lazard (NYJ),23.0,49.0,311,13.5,39.0,5.0,1.0,0.0,0.0,0.0,0.0,14.0,WR
Jalen Tolbert (DAL),22.0,36.0,268,12.2,45.0,3.0,2.0,0.0,0.0,0.0,1.0,17.0,WR
Calvin Austin III (PIT),17.0,30.0,180,10.6,72.0,1.0,1.0,11.0,57.0,1.0,0.0,17.0,WR
Andrei Iosivas (CIN),15.0,25.0,116,7.7,16.0,0.0,4.0,0.0,0.0,0.0,0.0,16.0,WR
Marquez Valdes-Scantling (BUF),21.0,42.0,315,15.0,46.0,5.0,1.0,0.0,0.0,0.0,1.0,16.0,WR
David Bell (CLE),14.0,23.0,167,11.9,41.0,3.0,3.0,0.0,0.0,0.0,0.0,15.0,WR
Lil'Jordan Humphrey (DEN),13.0,19.0,162,12.5,54.0,1.0,3.0,0.0,0.0,0.0,0.0,17.0,WR
Skyy Moore (KC),21.0,38.0,244,11.6,54.0,3.0,1.0,3.0,23.0,0.0,0.0,14.0,WR
Jauan Jennings (SF),19.0,33.0,265,13.9,31.0,4.0,1.0,0.0,0.0,0.0,0.0,13.0,WR
JuJu Smith-Schuster (NE),29.0,47.0,260,9.0,37.0,3.0,1.0,0.0,0.0,0.0,0.0,11.0,WR
Mike Williams (NYJ),19.0,26.0,249,13.1,49.0,4.0,1.0,1.0,3.0,0.0,0.0,3.0,WR
Braxton Berrios (MIA),27.0,33.0,238,8.8,22.0,1.0,1.0,1.0,11.0,0.0,0.0,16.0,WR
Bo Melton (GB),16.0,24.0,218,13.6,37.0,3.0,1.0,3.0,21.0,0.0,0.0,4.0,WR
Alex Erickson (FA),16.0,29.0,232,14.5,27.0,4.0,1.0,0.0,0.0,0.0,0.0,8.0,WR
Olamide Zaccheaus (WAS),10.0,20.0,164,16.4,34.0,4.0,2.0,0.0,0.0,0.0,0.0,17.0,WR
Scotty Miller (PIT),11.0,16.0,161,14.6,56.0,2.0,2.0,0.0,0.0,0.0,0.0,17.0,WR
Allen Robinson II (NYG),34.0,49.0,280,8.2,31.0,2.0,0.0,0.0,0.0,0.0,0.0,17.0,WR
Jamal Agnew (FA),14.0,21.0,225,16.1,65.0,2.0,1.0,4.0,-2.0,0.0,1.0,11.0,WR
Kadarius Toney (KC),27.0,38.0,169,6.3,18.0,0.0,1.0,11.0,31.0,0.0,0.0,13.0,WR
Julio Jones (FA),11.0,19.0,74,6.7,22.0,1.0,3.0,0.0,0.0,0.0,0.0,11.0,WR
Mack Hollins (BUF),18.0,30.0,251,13.9,45.0,3.0,0.0,0.0,0.0,0.0,0.0,13.0,WR
Deonte Harty (BAL),15.0,21.0,150,10.0,43.0,2.0,1.0,4.0,0.0,0.0,1.0,16.0,WR
Ronnie Bell (SF),6.0,13.0,68,11.3,20.0,1.0,3.0,0.0,0.0,0.0,0.0,16.0,WR
Ihmir Smith-Marsette (CAR),8.0,10.0,51,6.4,18.0,0.0,0.0,8.0,74.0,1.0,0.0,17.0,WR
Treylon Burks (TEN),16.0,30.0,221,13.8,70.0,4.0,0.0,5.0,18.0,0.0,0.0,11.0,WR
Hunter Renfrow (FA),25.0,37.0,255,10.2,38.0,3.0,0.0,0.0,0.0,0.0,1.0,17.0,WR
Parker Washington (JAC),16.0,21.0,132,8.3,19.0,0.0,2.0,0.0,0.0,0.0,1.0,9.0,WR
KhaDarel Hodge (ATL),14.0,23.0,232,16.6,52.0,3.0,0.0,1.0,0.0,0.0,0.0,17.0,WR
Cedric Tillman (CLE),21.0,44.0,224,10.7,23.0,1.0,0.0,1.0,8.0,0.0,0.0,14.0,WR
Dyami Brown (WAS),12.0,23.0,168,14.0,35.0,2.0,1.0,1.0,0.0,0.0,0.0,17.0,WR
Jalen Reagor (NE),7.0,23.0,138,19.7,39.0,3.0,0.0,1.0,17.0,0.0,0.0,11.0,WR
Van Jefferson (PIT),20.0,43.0,209,10.5,46.0,1.0,0.0,1.0,4.0,0.0,0.0,17.0,WR
Derius Davis (LAC),15.0,17.0,66,4.4,18.0,0.0,0.0,14.0,101.0,0.0,1.0,17.0,WR
Quez Watkins (PIT),15.0,21.0,142,9.5,19.0,0.0,1.0,0.0,0.0,0.0,0.0,9.0,WR
Jamison Crowder (WAS),16.0,20.0,159,9.9,26.0,1.0,1.0,0.0,0.0,0.0,1.0,17.0,WR
Tyler Scott (CHI),17.0,32.0,168,9.9,30.0,1.0,0.0,7.0,41.0,0.0,1.0,17.0,WR
Robbie Chosen (FA),4.0,6.0,126,31.5,68.0,2.0,1.0,0.0,0.0,0.0,0.0,9.0,WR
Malik Heath (GB),15.0,24.0,125,8.3,16.0,0.0,1.0,0.0,0.0,0.0,0.0,13.0,WR
River Cracraft (MIA),9.0,12.0,121,13.4,24.0,2.0,1.0,0.0,0.0,0.0,0.0,10.0,WR
Deven Thompkins (FA),17.0,25.0,83,4.9,26.0,1.0,1.0,8.0,56.0,0.0,1.0,17.0,WR
Ray-Ray McCloud III (ATL),12.0,15.0,135,11.3,41.0,2.0,0.0,3.0,30.0,0.0,0.0,12.0,WR
John Metchie III (HOU),16.0,30.0,158,9.9,22.0,1.0,0.0,1.0,4.0,0.0,0.0,16.0,WR
Kyle Philips (TEN),15.0,22.0,181,12.1,29.0,4.0,0.0,0.0,0.0,0.0,1.0,9.0,WR
Donovan Peoples-Jones (DET),13.0,25.0,155,11.9,29.0,2.0,0.0,0.0,0.0,0.0,0.0,15.0,WR
David Moore (CAR),5.0,7.0,94,18.8,52.0,1.0,1.0,0.0,0.0,0.0,0.0,7.0,WR
Jalen Guyton (LV),10.0,21.0,89,8.9,18.0,0.0,1.0,0.0,0.0,0.0,0.0,8.0,WR
Trent Sherfield Sr. (MIN),11.0,22.0,86,7.8,12.0,0.0,1.0,0.0,0.0,0.0,0.0,17.0,WR
Tyquan Thornton (NE),13.0,23.0,91,7.0,15.0,0.0,0.0,3.0,51.0,0.0,0.0,9.0,WR
Byron Pringle (FA),14.0,22.0,161,11.5,26.0,1.0,0.0,0.0,0.0,0.0,1.0,16.0,WR
Terrace Marshall Jr. (CAR),19.0,33.0,139,7.3,14.0,0.0,0.0,0.0,0.0,0.0,0.0,9.0,WR
Xavier Hutchinson (HOU),8.0,19.0,90,11.3,34.0,1.0,0.0,5.0,49.0,0.0,0.0,15.0,WR
Charlie Jones (CIN),7.0,9.0,64,9.1,35.0,1.0,0.0,2.0,13.0,0.0,0.0,11.0,WR
Chase Claypool (BUF),8.0,21.0,77,9.6,20.0,1.0,1.0,0.0,0.0,0.0,0.0,11.0,WR
Ben Skowronek (HOU),8.0,12.0,66,8.3,20.0,1.0,1.0,2.0,9.0,0.0,0.0,17.0,WR
Randall Cobb (FA),5.0,17.0,39,7.8,15.0,0.0,1.0,0.0,0.0,0.0,0.0,11.0,WR
D.J. Montgomery (IND),3.0,8.0,56,18.7,34.0,1.0,1.0,0.0,0.0,0.0,0.0,7.0,WR
Jason Brownlee (NYJ),5.0,8.0,56,11.2,24.0,1.0,1.0,0.0,0.0,0.0,0.0,7.0,WR
Lynn Bowden Jr. (FA),11.0,16.0,83,7.5,17.0,0.0,0.0,5.0,32.0,0.0,0.0,15.0,WR
Laviska Shenault Jr. (SEA),10.0,10.0,60,6.0,14.0,0.0,0.0,12.0,55.0,0.0,0.0,8.0,WR
Mecole Hardman Jr. (KC),15.0,24.0,124,8.3,37.0,1.0,0.0,1.0,3.0,0.0,1.0,10.0,WR
Parris Campbell (PHI),20.0,27.0,104,5.2,17.0,0.0,0.0,0.0,0.0,0.0,0.0,12.0,WR
Sterling Shepard (TB),10.0,22.0,57,5.7,13.0,0.0,1.0,1.0,6.0,0.0,1.0,15.0,WR
Marquise Goodwin (FA),4.0,13.0,67,16.8,57.0,1.0,0.0,4.0,33.0,0.0,0.0,12.0,WR
Keith Kirkwood (BAL),5.0,9.0,37,7.4,13.0,0.0,1.0,0.0,0.0,0.0,0.0,13.0,WR
Lawrence Cager (NYG),4.0,5.0,36,9.0,10.0,0.0,1.0,0.0,0.0,0.0,0.0,9.0,WR
Richie James Jr. (FA),10.0,14.0,114,11.4,45.0,1.0,0.0,0.0,0.0,0.0,1.0,9.0,WR
Tim Jones (JAC),11.0,18.0,83,7.5,15.0,0.0,0.0,0.0,0.0,0.0,0.0,17.0,WR
Samori Toure (GB),8.0,18.0,78,9.8,35.0,1.0,0.0,0.0,0.0,0.0,1.0,11.0,WR
Tylan Wallace (BAL),1.0,2.0,11,11.0,11.0,0.0,0.0,0.0,0.0,0.0,0.0,9.0,WR
Velus Jones Jr. (CHI),4.0,7.0,20,5.0,11.0,0.0,0.0,8.0,51.0,0.0,0.0,14.0,WR
Chris Conley (SF),3.0,6.0,69,23.0,48.0,1.0,0.0,0.0,0.0,0.0,0.0,8.0,WR
Simi Fehoko (LAC),1.0,2.0,9,9.0,9.0,0.0,1.0,0.0,0.0,0.0,0.0,5.0,WR
Tyler Johnson (LAR),2.0,3.0,8,4.0,8.0,0.0,1.0,0.0,0.0,0.0,0.0,1.0,WR
Jalen Brooks (DAL),6.0,6.0,64,10.7,24.0,1.0,0.0,0.0,0.0,0.0,0.0,7.0,WR
Equanimeous St. Brown (NO),5.0,6.0,62,12.4,21.0,1.0,0.0,0.0,0.0,0.0,0.0,7.0,WR
Rakim Jarrett (TB),4.0,9.0,60,15.0,41.0,1.0,0.0,1.0,0.0,0.0,0.0,10.0,WR
DeAndre Carter (CHI),4.0,7.0,39,9.8,16.0,0.0,0.0,3.0,18.0,0.0,0.0,17.0,WR
Isaiah McKenzie (NYG),11.0,14.0,82,7.5,30.0,1.0,0.0,3.0,14.0,0.0,2.0,13.0,WR
Justyn Ross (KC),6.0,11.0,53,8.8,20.0,1.0,0.0,0.0,0.0,0.0,0.0,10.0,WR
Mike Strachan (CAR),1.0,3.0,45,45.0,45.0,1.0,0.0,0.0,0.0,0.0,0.0,4.0,WR
Britain Covey (PHI),4.0,6.0,42,10.5,22.0,1.0,0.0,0.0,0.0,0.0,0.0,16.0,WR
Elijah Cooks (JAC),3.0,4.0,38,12.7,23.0,1.0,0.0,0.0,0.0,0.0,0.0,9.0,WR
Devin Duvernay (JAC),4.0,9.0,18,4.5,10.0,0.0,0.0,4.0,15.0,0.0,0.0,13.0,WR
Keelan Doss (FA),6.0,13.0,33,5.5,9.0,0.0,0.0,0.0,0.0,0.0,0.0,5.0,WR
Trishton Jackson (MIN),2.0,4.0,9,4.5,7.0,0.0,0.0,0.0,0.0,0.0,0.0,6.0,WR
Jalen Nailor (MIN),3.0,6.0,29,9.7,16.0,0.0,0.0,0.0,0.0,0.0,0.0,6.0,WR
Steven Sims Jr. (HOU),3.0,3.0,25,8.3,23.0,1.0,0.0,1.0,1.0,0.0,0.0,3.0,WR
Erik Ezukanma (MIA),0.0,1.0,0,0.0,0.0,0.0,0.0,5.0,22.0,0.0,0.0,2.0,WR
Gunner Olszewski (NYG),1.0,1.0,0,0.0,0.0,0.0,0.0,0.0,0.0,0.0,2.0,12.0,WR
Zach Pascal (ARI),4.0,15.0,19,4.8,9.0,0.0,0.0,0.0,0.0,0.0,0.0,14.0,WR
Kayshon Boutte (NE),2.0,7.0,19,9.5,11.0,0.0,0.0,0.0,0.0,0.0,0.0,5.0,WR
Miles Boykin (NYG),3.0,4.0,17,5.7,6.0,0.0,0.0,0.0,0.0,0.0,0.0,16.0,WR
Laquon Treadwell (FA),1.0,3.0,16,16.0,16.0,0.0,0.0,0.0,0.0,0.0,0.0,4.0,WR
Marvin Jones Jr. (FA),5.0,10.0,35,7.0,16.0,0.0,0.0,0.0,0.0,0.0,1.0,6.0,WR
Willie Snead IV (FA),2.0,3.0,14,7.0,9.0,0.0,0.0,0.0,0.0,0.0,0.0,4.0,WR
Malik Taylor (NYJ),2.0,4.0,13,6.5,7.0,0.0,0.0,0.0,0.0,0.0,0.0,3.0,WR
Collin Johnson (CHI),1.0,1.0,11,11.0,11.0,0.0,0.0,0.0,0.0,0.0,0.0,3.0,WR
Cody Thompson (TB),1.0,1.0,10,10.0,10.0,0.0,0.0,0.0,0.0,0.0,0.0,6.0,WR
Austin Trammell (JAC),4.0,7.0,29,7.3,14.0,0.0,0.0,0.0,0.0,0.0,1.0,15.0,WR
Mason Kinsey (TEN),1.0,1.0,6,6.0,6.0,0.0,0.0,0.0,0.0,0.0,0.0,6.0,WR
Dee Eskridge (SEA),0.0,1.0,0,0.0,0.0,0.0,0.0,2.0,5.0,0.0,0.0,4.0,WR
Colton Dowell (TEN),1.0,2.0,3,3.0,3.0,0.0,0.0,0.0,0.0,0.0,0.0,9.0,WR
Kwamie Lassiter II (CIN),1.0,1.0,2,2.0,2.0,0.0,0.0,0.0,0.0,0.0,0.0,1.0,WR
Antoine Green (DET),1.0,2.0,2,2.0,2.0,0.0,0.0,0.0,0.0,0.0,0.0,9.0,WR
KJ Hamler (BUF),0.0,0.0,0,0.0,0.0,0.0,0.0,0.0,0.0,0.0,0.0,0.0,WR
Marcus Simms (SEA),0.0,0.0,0,0.0,0.0,0.0,0.0,0.0,0.0,0.0,0.0,0.0,WR
Tom Kennedy (DET),0.0,0.0,0,0.0,0.0,0.0,0.0,0.0,0.0,0.0,0.0,0.0,WR
Cody White (SEA),0.0,0.0,0,0.0,0.0,0.0,0.0,0.0,0.0,0.0,0.0,0.0,WR
Freddie Swain (CHI),0.0,0.0,0,0.0,0.0,0.0,0.0,0.0,0.0,0.0,0.0,0.0,WR
Austin Mack (ATL),0.0,0.0,0,0.0,0.0,0.0,0.0,0.0,0.0,0.0,0.0,0.0,WR
Tyrie Cleveland (IND),0.0,0.0,0,0.0,0.0,0.0,0.0,0.0,0.0,0.0,0.0,0.0,WR
Denzel Mims (JAC),0.0,0.0,0,0.0,0.0,0.0,0.0,0.0,0.0,0.0,0.0,0.0,WR
Marquez Callaway (PIT),0.0,0.0,0,0.0,0.0,0.0,0.0,0.0,0.0,0.0,0.0,3.0,WR
Easop Winston Jr. (SEA),0.0,0.0,0,0.0,0.0,0.0,0.0,0.0,0.0,0.0,0.0,1.0,WR
Quintez Cephus (HOU),0.0,0.0,0,0.0,0.0,0.0,0.0,0.0,0.0,0.0,0.0,0.0,WR
Ashton Dulin (IND),0.0,0.0,0,0.0,0.0,0.0,0.0,0.0,0.0,0.0,0.0,0.0,WR
Stanley Morgan Jr. (NO),0.0,0.0,0,0.0,0.0,0.0,0.0,0.0,0.0,0.0,0.0,2.0,WR
David Sills (DEN),0.0,0.0,0,0.0,0.0,0.0,0.0,0.0,0.0,0.0,0.0,3.0,WR
Davion Davis (WAS),0.0,0.0,0,0.0,0.0,0.0,0.0,0.0,0.0,0.0,0.0,0.0,WR
Andy Isabella (BUF),0.0,0.0,0,0.0,0.0,0.0,0.0,0.0,0.0,0.0,0.0,2.0,WR
Juwann Winfree (IND),0.0,1.0,0,0.0,0.0,0.0,0.0,0.0,0.0,0.0,0.0,4.0,WR
Nsimba Webster (CHI),0.0,0.0,0,0.0,0.0,0.0,0.0,0.0,0.0,0.0,0.0,0.0,WR
Alex Bachman (LV),0.0,0.0,0,0.0,0.0,0.0,0.0,0.0,0.0,0.0,0.0,0.0,WR
Quinton Bell (MIA),0.0,0.0,0,0.0,0.0,0.0,0.0,0.0,0.0,0.0,0.0,0.0,WR
Tyron Billy-Johnson (DAL),0.0,0.0,0,0.0,0.0,0.0,0.0,0.0,0.0,0.0,0.0,0.0,WR
Jeff Smith (ARI),0.0,0.0,0,0.0,0.0,0.0,0.0,0.0,0.0,0.0,0.0,0.0,WR
Kirk Merritt (FA),0.0,0.0,0,0.0,0.0,0.0,0.0,0.0,0.0,0.0,0.0,1.0,WR
Kristian Wilkerson (LV),0.0,0.0,0,0.0,0.0,0.0,0.0,0.0,0.0,0.0,0.0,2.0,WR
Jaylon Moore (JAC),0.0,0.0,0,0.0,0.0,0.0,0.0,0.0,0.0,0.0,0.0,0.0,WR
Scotty Washington (BAL),0.0,0.0,0,0.0,0.0,0.0,0.0,0.0,0.0,0.0,0.0,0.0,WR
Amari Rodgers (FA),0.0,2.0,0,0.0,0.0,0.0,0.0,0.0,0.0,0.0,0.0,3.0,WR
Anthony Schwartz (MIA),0.0,0.0,0,0.0,0.0,0.0,0.0,0.0,0.0,0.0,0.0,0.0,WR
Seth Williams (JAC),0.0,0.0,0,0.0,0.0,0.0,0.0,0.0,0.0,0.0,0.0,0.0,WR
Dez Fitzpatrick (PIT),0.0,0.0,0,0.0,0.0,0.0,0.0,0.0,0.0,0.0,0.0,0.0,WR
Dan Chisena (ARI),0.0,0.0,0,0.0,0.0,0.0,0.0,0.0,0.0,0.0,0.0,1.0,WR
Andre Baccellia (ARI),0.0,0.0,0,0.0,0.0,0.0,0.0,0.0,0.0,0.0,0.0,4.0,WR
Nikko Remigio (KC),0.0,0.0,0,0.0,0.0,0.0,0.0,0.0,0.0,0.0,0.0,0.0,WR
Daewood Davis (CAR),0.0,0.0,0,0.0,0.0,0.0,0.0,0.0,0.0,0.0,0.0,0.0,WR
Tyrell Shavers (BUF),0.0,0.0,0,0.0,0.0,0.0,0.0,0.0,0.0,0.0,0.0,0.0,WR
Sean Ryan (BAL),0.0,0.0,0,0.0,0.0,0.0,0.0,0.0,0.0,0.0,0.0,0.0,WR
Zavier Scott (IND),0.0,0.0,0,0.0,0.0,0.0,0.0,0.0,0.0,0.0,0.0,0.0,WR
Ryan Miller (TB),0.0,0.0,0,0.0,0.0,0.0,0.0,0.0,0.0,0.0,0.0,1.0,WR
Duece Watts (PIT),0.0,0.0,0,0.0,0.0,0.0,0.0,0.0,0.0,0.0,0.0,0.0,WR
Daniel Arias (ARI),0.0,0.0,0,0.0,0.0,0.0,0.0,0.0,0.0,0.0,0.0,0.0,WR
Isaiah Winstead (FA),0.0,0.0,0,0.0,0.0,0.0,0.0,0.0,0.0,0.0,0.0,3.0,WR
Shedrick Jackson (CIN),0.0,1.0,0,0.0,0.0,0.0,0.0,0.0,0.0,0.0,0.0,2.0,WR
Keon Coleman (BUF),0.0,0.0,0,0.0,0.0,0.0,0.0,0.0,0.0,0.0,0.0,0.0,WR
Malachi Corley (NYJ),0.0,0.0,0,0.0,0.0,0.0,0.0,0.0,0.0,0.0,0.0,0.0,WR
Devontez Walker (BAL),0.0,0.0,0,0.0,0.0,0.0,0.0,0.0,0.0,0.0,0.0,0.0,WR
John Stephens Jr. (DAL),0.0,0.0,0,0.0,0.0,0.0,0.0,0.0,0.0,0.0,0.0,0.0,WR
Tre'Shaun Harrison (TEN),0.0,0.0,0,0.0,0.0,0.0,0.0,0.0,0.0,0.0,0.0,0.0,WR
Dylan Drummond (ATL),0.0,0.0,0,0.0,0.0,0.0,0.0,0.0,0.0,0.0,0.0,1.0,WR
Bryan Thompson (BUF),0.0,0.0,0,0.0,0.0,0.0,0.0,0.0,0.0,0.0,0.0,0.0,WR
David Durden (DAL),0.0,0.0,0,0.0,0.0,0.0,0.0,0.0,0.0,0.0,0.0,0.0,WR
Lucky Jackson (MIN),0.0,0.0,0,0.0,0.0,0.0,0.0,0.0,0.0,0.0,0.0,3.0,WR
Brycen Tremayne (WAS),0.0,0.0,0,0.0,0.0,0.0,0.0,0.0,0.0,0.0,0.0,0.0,WR
Maurice Alexander (DET),0.0,0.0,0,0.0,0.0,0.0,0.0,0.0,0.0,0.0,0.0,0.0,WR
Daylen Baldwin (ATL),0.0,0.0,0,0.0,0.0,0.0,0.0,0.0,0.0,0.0,0.0,0.0,WR
Josh Ali (ATL),0.0,0.0,0,0.0,0.0,0.0,0.0,0.0,0.0,0.0,0.0,0.0,WR
Jacob Cowing (SF),0.0,0.0,0,0.0,0.0,0.0,0.0,0.0,0.0,0.0,0.0,0.0,WR
Johnny Wilson (PHI),0.0,0.0,0,0.0,0.0,0.0,0.0,0.0,0.0,0.0,0.0,0.0,WR
Jalen Wayne (GB),0.0,0.0,0,0.0,0.0,0.0,0.0,0.0,0.0,0.0,0.0,0.0,WR
Bryce Ford-Wheaton (NYG),0.0,0.0,0,0.0,0.0,0.0,0.0,0.0,0.0,0.0,0.0,0.0,WR
Jaray Jenkins (PIT),0.0,0.0,0,0.0,0.0,0.0,0.0,0.0,0.0,0.0,0.0,0.0,WR
Jalen Cropper (DAL),0.0,0.0,0,0.0,0.0,0.0,0.0,0.0,0.0,0.0,0.0,0.0,WR
Xavier Smith (LAR),0.0,0.0,0,0.0,0.0,0.0,0.0,0.0,0.0,0.0,0.0,0.0,WR
Grant DuBose (GB),0.0,0.0,0,0.0,0.0,0.0,0.0,0.0,0.0,0.0,0.0,0.0,WR
Jared Wayne (HOU),0.0,0.0,0,0.0,0.0,0.0,0.0,0.0,0.0,0.0,0.0,0.0,WR
Thayer Thomas (MIN),0.0,0.0,0,0.0,0.0,0.0,0.0,0.0,0.0,0.0,0.0,0.0,WR
Malik Knowles (MIN),0.0,0.0,0,0.0,0.0,0.0,0.0,0.0,0.0,0.0,0.0,0.0,WR
Cephus Johnson III (TB),0.0,0.0,0,0.0,0.0,0.0,0.0,0.0,0.0,0.0,0.0,3.0,WR
Shaquan Davis (PHI),0.0,0.0,0,0.0,0.0,0.0,0.0,0.0,0.0,0.0,0.0,0.0,WR
Terrell Bynum (FA),0.0,0.0,0,0.0,0.0,0.0,0.0,0.0,0.0,0.0,0.0,1.0,WR
Kazmeir Allen (WAS),0.0,0.0,0,0.0,0.0,0.0,0.0,0.0,0.0,0.0,0.0,0.0,WR
Matt Landers (CLE),0.0,0.0,0,0.0,0.0,0.0,0.0,0.0,0.0,0.0,0.0,0.0,WR
Malik Nabers (NYG),0.0,0.0,0,0.0,0.0,0.0,0.0,0.0,0.0,0.0,0.0,0.0,WR
Rome Odunze (CHI),0.0,0.0,0,0.0,0.0,0.0,0.0,0.0,0.0,0.0,0.0,0.0,WR
OJ Hiliare (ATL),0.0,0.0,0,0.0,0.0,0.0,0.0,0.0,0.0,0.0,0.0,0.0,WR
Sam Schnee (TEN),0.0,0.0,0,0.0,0.0,0.0,0.0,0.0,0.0,0.0,0.0,0.0,WR
Bryce Oliver (TEN),0.0,0.0,0,0.0,0.0,0.0,0.0,0.0,0.0,0.0,0.0,0.0,WR
Isaiah Washington (BAL),0.0,0.0,0,0.0,0.0,0.0,0.0,0.0,0.0,0.0,0.0,0.0,WR
Lawrence Keys III (BUF),0.0,0.0,0,0.0,0.0,0.0,0.0,0.0,0.0,0.0,0.0,0.0,WR
Sam Pinckney (CAR),0.0,0.0,0,0.0,0.0,0.0,0.0,0.0,0.0,0.0,0.0,0.0,WR
Kameron Johnson (TB),0.0,0.0,0,0.0,0.0,0.0,0.0,0.0,0.0,0.0,0.0,0.0,WR
Tyler Harrell (NYJ),0.0,0.0,0,0.0,0.0,0.0,0.0,0.0,0.0,0.0,0.0,0.0,WR
Isaiah Wooden (ATL),0.0,0.0,0,0.0,0.0,0.0,0.0,0.0,0.0,0.0,0.0,0.0,WR
Dee Williams (SEA),0.0,0.0,0,0.0,0.0,0.0,0.0,0.0,0.0,0.0,0.0,0.0,WR
Cam Johnson (DAL),0.0,0.0,0,0.0,0.0,0.0,0.0,0.0,0.0,0.0,0.0,0.0,WR
Ayir Asante (NYG),0.0,0.0,0,0.0,0.0,0.0,0.0,0.0,0.0,0.0,0.0,0.0,WR
Corey Crooms Jr. (DAL),0.0,0.0,0,0.0,0.0,0.0,0.0,0.0,0.0,0.0,0.0,0.0,WR
JaQuae Jackson (NE),0.0,0.0,0,0.0,0.0,0.0,0.0,0.0,0.0,0.0,0.0,0.0,WR
Sam Wiglusz (LAR),0.0,0.0,0,0.0,0.0,0.0,0.0,0.0,0.0,0.0,0.0,0.0,WR
Devin Carter (CAR),0.0,0.0,0,0.0,0.0,0.0,0.0,0.0,0.0,0.0,0.0,0.0,WR
Ahmarean Brown (CLE),0.0,0.0,0,0.0,0.0,0.0,0.0,0.0,0.0,0.0,0.0,0.0,WR
Xavier White (IND),0.0,0.0,0,0.0,0.0,0.0,0.0,0.0,0.0,0.0,0.0,0.0,WR
Tre Mosley (CIN),0.0,0.0,0,0.0,0.0,0.0,0.0,0.0,0.0,0.0,0.0,0.0,WR
Jeshaun Jones (MIN),0.0,0.0,0,0.0,0.0,0.0,0.0,0.0,0.0,0.0,0.0,0.0,WR
Leon Johnson III (LAC),0.0,0.0,0,0.0,0.0,0.0,0.0,0.0,0.0,0.0,0.0,0.0,WR
Terique Owens (SF),0.0,0.0,0,0.0,0.0,0.0,0.0,0.0,0.0,0.0,0.0,0.0,WR
Jeff Foreman (LV),0.0,0.0,0,0.0,0.0,0.0,0.0,0.0,0.0,0.0,0.0,0.0,WR
Jaelen Gill (LAC),0.0,0.0,0,0.0,0.0,0.0,0.0,0.0,0.0,0.0,0.0,0.0,WR
Jaylen Johnson (LAC),0.0,0.0,0,0.0,0.0,0.0,0.0,0.0,0.0,0.0,0.0,0.0,WR
Jermaine Jackson (NO),0.0,0.0,0,0.0,0.0,0.0,0.0,0.0,0.0,0.0,0.0,0.0,WR
Kyle Sheets (KC),0.0,0.0,0,0.0,0.0,0.0,0.0,0.0,0.0,0.0,0.0,0.0,WR
Mason Tipton (NO),0.0,0.0,0,0.0,0.0,0.0,0.0,0.0,0.0,0.0,0.0,0.0,WR
Julian Hicks (GB),0.0,0.0,0,0.0,0.0,0.0,0.0,0.0,0.0,0.0,0.0,0.0,WR
Zach Mathis (KC),0.0,0.0,0,0.0,0.0,0.0,0.0,0.0,0.0,0.0,0.0,0.0,WR
Jalon Calhoun (DET),0.0,0.0,0,0.0,0.0,0.0,0.0,0.0,0.0,0.0,0.0,0.0,WR
Peter LeBlanc (CHI),0.0,0.0,0,0.0,0.0,0.0,0.0,0.0,0.0,0.0,0.0,0.0,WR
Latreal Jones (TB),0.0,0.0,0,0.0,0.0,0.0,0.0,0.0,0.0,0.0,0.0,0.0,WR
Praise Olatoke (LAC),0.0,0.0,0,0.0,0.0,0.0,0.0,0.0,0.0,0.0,0.0,0.0,WR
John Jiles (NYG),0.0,0.0,0,0.0,0.0,0.0,0.0,0.0,0.0,0.0,0.0,0.0,WR
Tanner Knue (TB),0.0,0.0,0,0.0,0.0,0.0,0.0,0.0,0.0,0.0,0.0,0.0,WR
John Jackson III (CHI),0.0,0.0,0,0.0,0.0,0.0,0.0,0.0,0.0,0.0,0.0,0.0,WR
Hamze El-Zayat (NYJ),0.0,0.0,0,0.0,0.0,0.0,0.0,0.0,0.0,0.0,0.0,0.0,WR
David Wallis (NE),0.0,0.0,0,0.0,0.0,0.0,0.0,0.0,0.0,0.0,0.0,0.0,WR
Derek Slywka (IND),0.0,0.0,0,0.0,0.0,0.0,0.0,0.0,0.0,0.0,0.0,0.0,WR
JJ Laap (LAR),0.0,0.0,0,0.0,0.0,0.0,0.0,0.0,0.0,0.0,0.0,0.0,WR
Jaaron Hayek (KC),0.0,0.0,0,0.0,0.0,0.0,0.0,0.0,0.0,0.0,0.0,0.0,WR
Brevin Easton (JAC),0.0,0.0,0,0.0,0.0,0.0,0.0,0.0,0.0,0.0,0.0,0.0,WR
Cole Burgess (CIN),0.0,0.0,0,0.0,0.0,0.0,0.0,0.0,0.0,0.0,0.0,0.0,WR
Joseph Scates (JAC),0.0,0.0,0,0.0,0.0,0.0,0.0,0.0,0.0,0.0,0.0,0.0,WR
David White Jr. (JAC),0.0,0.0,0,0.0,0.0,0.0,0.0,0.0,0.0,0.0,0.0,0.0,WR
Marcus Riley (NYJ),0.0,0.0,0,0.0,0.0,0.0,0.0,0.0,0.0,0.0,0.0,0.0,WR
Dimitri Stanley (GB),0.0,0.0,0,0.0,0.0,0.0,0.0,0.0,0.0,0.0,0.0,0.0,WR
Phillip Brooks (KC),0.0,0.0,0,0.0,0.0,0.0,0.0,0.0,0.0,0.0,0.0,0.0,WR
Qadir Ismail (BAL),0.0,0.0,0,0.0,0.0,0.0,0.0,0.0,0.0,0.0,0.0,0.0,WR
Xavier Johnson (BUF),0.0,0.0,0,0.0,0.0,0.0,0.0,0.0,0.0,0.0,0.0,0.0,WR
Drake Stoops (LAR),0.0,0.0,0,0.0,0.0,0.0,0.0,0.0,0.0,0.0,0.0,0.0,WR
Chase Cota (NYG),0.0,0.0,0,0.0,0.0,0.0,0.0,0.0,0.0,0.0,0.0,1.0,WR
Ladd McConkey (LAC),0.0,0.0,0,0.0,0.0,0.0,0.0,0.0,0.0,0.0,0.0,0.0,WR
Xavier Legette (CAR),0.0,0.0,0,0.0,0.0,0.0,0.0,0.0,0.0,0.0,0.0,0.0,WR
Roman Wilson (PIT),0.0,0.0,0,0.0,0.0,0.0,0.0,0.0,0.0,0.0,0.0,0.0,WR
Jamari Thrash (CLE),0.0,0.0,0,0.0,0.0,0.0,0.0,0.0,0.0,0.0,0.0,0.0,WR
Ja'Lynn Polk (NE),0.0,0.0,0,0.0,0.0,0.0,0.0,0.0,0.0,0.0,0.0,0.0,WR
Je'Quan Burton (MIA),0.0,0.0,0,0.0,0.0,0.0,0.0,0.0,0.0,0.0,0.0,0.0,WR
Hayden Hatten (SEA),0.0,0.0,0,0.0,0.0,0.0,0.0,0.0,0.0,0.0,0.0,0.0,WR
Jadon Janke (HOU),0.0,0.0,0,0.0,0.0,0.0,0.0,0.0,0.0,0.0,0.0,0.0,WR
Jalen Coker (CAR),0.0,0.0,0,0.0,0.0,0.0,0.0,0.0,0.0,0.0,0.0,0.0,WR
Anthony Gould (IND),0.0,0.0,0,0.0,0.0,0.0,0.0,0.0,0.0,0.0,0.0,0.0,WR
Lideatrick Griffin (LV),0.0,0.0,0,0.0,0.0,0.0,0.0,0.0,0.0,0.0,0.0,0.0,WR
Dayton Wade (BAL),0.0,0.0,0,0.0,0.0,0.0,0.0,0.0,0.0,0.0,0.0,0.0,WR
Devaughn Vele (DEN),0.0,0.0,0,0.0,0.0,0.0,0.0,0.0,0.0,0.0,0.0,0.0,WR
Tejhaun Palmer (ARI),0.0,0.0,0,0.0,0.0,0.0,0.0,0.0,0.0,0.0,0.0,0.0,WR
Casey Washington (ATL),0.0,0.0,0,0.0,0.0,0.0,0.0,0.0,0.0,0.0,0.0,0.0,WR
Ty James (MIN),0.0,0.0,0,0.0,0.0,0.0,0.0,0.0,0.0,0.0,0.0,0.0,WR
Ryan Flournoy (DAL),0.0,0.0,0,0.0,0.0,0.0,0.0,0.0,0.0,0.0,0.0,0.0,WR
Brenden Rice (LAC),0.0,0.0,0,0.0,0.0,0.0,0.0,0.0,0.0,0.0,0.0,0.0,WR
Ricky Pearsall (SF),0.0,0.0,0,0.0,0.0,0.0,0.0,0.0,0.0,0.0,0.0,0.0,WR
Malik Washington (MIA),0.0,0.0,0,0.0,0.0,0.0,0.0,0.0,0.0,0.0,0.0,0.0,WR
Tahj Washington (MIA),0.0,0.0,0,0.0,0.0,0.0,0.0,0.0,0.0,0.0,0.0,0.0,WR
Luke McCaffrey (WAS),0.0,0.0,0,0.0,0.0,0.0,0.0,0.0,0.0,0.0,0.0,0.0,WR
Marcus Rosemy-Jacksaint (WAS),0.0,0.0,0,0.0,0.0,0.0,0.0,0.0,0.0,0.0,0.0,0.0,WR
Bub Means (NO),0.0,0.0,0,0.0,0.0,0.0,0.0,0.0,0.0,0.0,0.0,0.0,WR
Joshua Cephus (JAC),0.0,0.0,0,0.0,0.0,0.0,0.0,0.0,0.0,0.0,0.0,0.0,WR
Jha'Quan Jackson (TEN),0.0,0.0,0,0.0,0.0,0.0,0.0,0.0,0.0,0.0,0.0,0.0,WR
Isaiah Williams (DET),0.0,0.0,0,0.0,0.0,0.0,0.0,0.0,0.0,0.0,0.0,0.0,WR
Jordan Whittington (LAR),0.0,0.0,0,0.0,0.0,0.0,0.0,0.0,0.0,0.0,0.0,0.0,WR
Ainias Smith (PHI),0.0,0.0,0,0.0,0.0,0.0,0.0,0.0,0.0,0.0,0.0,0.0,WR
Jalen McMillan (TB),0.0,0.0,0,0.0,0.0,0.0,0.0,0.0,0.0,0.0,0.0,0.0,WR
Ramel Keyton (LV),0.0,0.0,0,0.0,0.0,0.0,0.0,0.0,0.0,0.0,0.0,0.0,WR
Marvin Harrison Jr. (ARI),0.0,0.0,0,0.0,0.0,0.0,0.0,0.0,0.0,0.0,0.0,0.0,WR
Troy Franklin (DEN),0.0,0.0,0,0.0,0.0,0.0,0.0,0.0,0.0,0.0,0.0,0.0,WR
DJ Turner (LV),0.0,0.0,0,0.0,0.0,0.0,0.0,0.0,0.0,0.0,0.0,7.0,WR
Michael Bandy (DEN),0.0,0.0,0,0.0,0.0,0.0,0.0,0.0,0.0,0.0,0.0,1.0,WR
Jacob Harris (PHI),0.0,0.0,0,0.0,0.0,0.0,0.0,0.0,0.0,0.0,0.0,2.0,WR
Racey McMath (DAL),0.0,0.0,0,0.0,0.0,0.0,0.0,0.0,0.0,0.0,0.0,0.0,WR
Jalen Camp (CLE),0.0,0.0,0,0.0,0.0,0.0,0.0,0.0,0.0,0.0,0.0,0.0,WR
Kawaan Baker (NE),0.0,0.0,0,0.0,0.0,0.0,0.0,0.0,0.0,0.0,0.0,0.0,WR
Cornell Powell (KC),0.0,0.0,0,0.0,0.0,0.0,0.0,0.0,0.0,0.0,0.0,0.0,WR
Javon Baker (NE),0.0,0.0,0,0.0,0.0,0.0,0.0,0.0,0.0,0.0,0.0,0.0,WR
Dax Milne (WAS),0.0,0.0,0,0.0,0.0,0.0,0.0,0.0,0.0,0.0,0.0,1.0,WR
Austin Watkins Jr. (PHI),0.0,0.0,0,0.0,0.0,0.0,0.0,0.0,0.0,0.0,0.0,0.0,WR
Jaelon Darden (CLE),0.0,0.0,0,0.0,0.0,0.0,0.0,0.0,0.0,0.0,0.0,1.0,WR
Chris Blair (ATL),0.0,0.0,0,0.0,0.0,0.0,0.0,0.0,0.0,0.0,0.0,1.0,WR
Cornelius Johnson (LAC),0.0,0.0,0,0.0,0.0,0.0,0.0,0.0,0.0,0.0,0.0,0.0,WR
Xavier Worthy (KC),0.0,0.0,0,0.0,0.0,0.0,0.0,0.0,0.0,0.0,0.0,0.0,WR
Kevin Austin Jr. (NO),0.0,0.0,0,0.0,0.0,0.0,0.0,0.0,0.0,0.0,0.0,0.0,WR
Brian Thomas Jr. (JAC),0.0,0.0,0,0.0,0.0,0.0,0.0,0.0,0.0,0.0,0.0,0.0,WR
Jermaine Burton (CIN),0.0,0.0,0,0.0,0.0,0.0,0.0,0.0,0.0,0.0,0.0,0.0,WR
Jacob Copeland (PIT),0.0,0.0,0,0.0,0.0,0.0,0.0,0.0,0.0,0.0,0.0,0.0,WR
Kearis Jackson (TEN),0.0,0.0,0,0.0,0.0,0.0,0.0,0.0,0.0,0.0,0.0,2.0,WR
Malik Cunningham (BAL),0.0,0.0,0,0.0,0.0,0.0,0.0,0.0,0.0,0.0,0.0,2.0,WR
Montrell Washington (KC),0.0,0.0,0,0.0,0.0,0.0,0.0,0.0,0.0,0.0,0.0,5.0,WR
Dareke Young (SEA),0.0,0.0,0,0.0,0.0,0.0,0.0,0.0,0.0,0.0,0.0,5.0,WR
Kyric McGowan (MIA),0.0,0.0,0,0.0,0.0,0.0,0.0,0.0,0.0,0.0,0.0,0.0,WR
Devon Allen (FA),0.0,0.0,0,0.0,0.0,0.0,0.0,0.0,0.0,0.0,0.0,1.0,WR
Dennis Houston (NYG),0.0,0.0,0,0.0,0.0,0.0,0.0,0.0,0.0,0.0,0.0,0.0,WR
Ethan Fernea (IND),0.0,0.0,0,0.0,0.0,0.0,0.0,0.0,0.0,0.0,0.0,1.0,WR
Kendric Pryor (CIN),0.0,0.0,0,0.0,0.0,0.0,0.0,0.0,0.0,0.0,0.0,0.0,WR
Irvin Charles (NYJ),0.0,1.0,0,0.0,0.0,0.0,0.0,0.0,0.0,0.0,0.0,11.0,WR
Raleigh Webb (TB),0.0,0.0,0,0.0,0.0,0.0,0.0,0.0,0.0,0.0,0.0,0.0,WR
Lance McCutcheon (NYJ),0.0,0.0,0,0.0,0.0,0.0,0.0,0.0,0.0,0.0,0.0,0.0,WR
Kaden Davis (DET),0.0,0.0,0,0.0,0.0,0.0,0.0,0.0,0.0,0.0,0.0,0.0,WR
Tay Martin (SF),0.0,0.0,0,0.0,0.0,0.0,0.0,0.0,0.0,0.0,0.0,1.0,WR
Justin Shorter (BUF),0.0,0.0,0,0.0,0.0,0.0,0.0,0.0,0.0,0.0,0.0,0.0,WR
Xavier Weaver (ARI),0.0,0.0,0,0.0,0.0,0.0,0.0,0.0,0.0,0.0,0.0,0.0,WR
Danny Gray (SF),0.0,0.0,0,0.0,0.0,0.0,0.0,0.0,0.0,0.0,0.0,0.0,WR
Joseph Ngata (PHI),0.0,0.0,0,0.0,0.0,0.0,0.0,0.0,0.0,0.0,0.0,0.0,WR
Michael Woods II (CLE),0.0,0.0,0,0.0,0.0,0.0,0.0,0.0,0.0,0.0,0.0,0.0,WR
Adonai Mitchell (IND),0.0,0.0,0,0.0,0.0,0.0,0.0,0.0,0.0,0.0,0.0,0.0,WR
Mitchell Tinsley (WAS),0.0,0.0,0,0.0,0.0,0.0,0.0,0.0,0.0,0.0,0.0,1.0,WR
Jalen Virgil (DEN),0.0,0.0,0,0.0,0.0,0.0,0.0,0.0,0.0,0.0,0.0,1.0,WR
Braylon Sanders (MIA),0.0,0.0,0,0.0,0.0,0.0,0.0,0.0,0.0,0.0,0.0,0.0,WR
Johnny Johnson III (HOU),0.0,0.0,0,0.0,0.0,0.0,0.0,0.0,0.0,0.0,0.0,1.0,WR
Patrick Edwards (DET),0.0,0.0,0,0.0,0.0,0.0,0.0,0.0,0.0,0.0,0.0,0.0,WR
Jordan Matthews (CAR),0.0,0.0,0,0.0,0.0,0.0,0.0,0.0,0.0,0.0,0.0,0.0,WR
Kenny McKinley (DEN),0.0,0.0,0,0.0,0.0,0.0,0.0,0.0,0.0,0.0,0.0,0.0,WR
Maurice Purify (CIN),0.0,0.0,0,0.0,0.0,0.0,0.0,0.0,0.0,0.0,0.0,0.0,WR
Mike Furrey (WAS),0.0,0.0,0,0.0,0.0,0.0,0.0,0.0,0.0,0.0,0.0,0.0,WR
Matthew Slater (FA),0.0,0.0,0,0.0,0.0,0.0,0.0,0.0,0.0,0.0,0.0,6.0,WR
Marko Mitchell (MIN),0.0,0.0,0,0.0,0.0,0.0,0.0,0.0,0.0,0.0,0.0,0.0,WR
Nate Hughes (JAC),0.0,0.0,0,0.0,0.0,0.0,0.0,0.0,0.0,0.0,0.0,0.0,WR
Chris Henry (CIN),0.0,0.0,0,0.0,0.0,0.0,0.0,0.0,0.0,0.0,0.0,0.0,WR
Bobby Wade (WAS),0.0,0.0,0,0.0,0.0,0.0,0.0,0.0,0.0,0.0,0.0,0.0,WR
Demario Ballard (DET),0.0,0.0,0,0.0,0.0,0.0,0.0,0.0,0.0,0.0,0.0,0.0,WR
Sam Giguere (NYG),0.0,0.0,0,0.0,0.0,0.0,0.0,0.0,0.0,0.0,0.0,0.0,WR
Rod Harper (PHI),0.0,0.0,0,0.0,0.0,0.0,0.0,0.0,0.0,0.0,0.0,0.0,WR
Justin Hardee Sr. (CLE),0.0,0.0,0,0.0,0.0,0.0,0.0,0.0,0.0,0.0,0.0,7.0,WR
John Ross (PHI),0.0,0.0,0,0.0,0.0,0.0,0.0,0.0,0.0,0.0,0.0,0.0,WR
Tim Patrick (DEN),0.0,0.0,0,0.0,0.0,0.0,0.0,0.0,0.0,0.0,0.0,0.0,WR
Cam Sims (CAR),0.0,0.0,0,0.0,0.0,0.0,0.0,0.0,0.0,0.0,0.0,0.0,WR
N'Keal Harry (MIN),0.0,0.0,0,0.0,0.0,0.0,0.0,0.0,0.0,0.0,0.0,8.0,WR
Dante Pettis (CHI),0.0,0.0,0,0.0,0.0,0.0,0.0,0.0,0.0,0.0,0.0,0.0,WR
Tre'Quan Smith (DET),0.0,0.0,0,0.0,0.0,0.0,0.0,0.0,0.0,0.0,0.0,2.0,WR
Daurice Fountain (DET),0.0,0.0,0,0.0,0.0,0.0,0.0,0.0,0.0,0.0,0.0,0.0,WR
Ty Montgomery II (FA),5.0,12.0,40,8.0,17.0,0.0,0.0,3.0,9.0,0.0,0.0,13.0,WR
Phillip Dorsett II (DEN),0.0,3.0,0,0.0,0.0,0.0,0.0,0.0,0.0,0.0,0.0,2.0,WR
Damiere Byrd (WAS),0.0,2.0,0,0.0,0.0,0.0,0.0,0.0,0.0,0.0,0.0,1.0,WR
Rory Starkey Jr. (GB),0.0,0.0,0,0.0,0.0,0.0,0.0,0.0,0.0,0.0,0.0,0.0,WR
James Proche II (CLE),0.0,5.0,0,0.0,0.0,0.0,0.0,0.0,0.0,0.0,1.0,10.0,WR
Trent Taylor (SF),0.0,2.0,0,0.0,0.0,0.0,0.0,1.0,-2.0,0.0,1.0,16.0,WR
,,,,,,,,,,,,,WR
,,,,,,,,,,,,,WR
Sam LaPorta (DET),86.0,120.0,889,10.3,48.0,8.0,10.0,1.0,4.0,0.0,0.0,17.0,TE
George Kittle (SF),65.0,90.0,"1,020",15.7,66.0,18.0,6.0,1.0,2.0,0.0,0.0,16.0,TE
Travis Kelce (KC),93.0,121.0,984,10.6,53.0,12.0,5.0,0.0,0.0,0.0,1.0,15.0,TE
T.J. Hockenson (MIN),95.0,127.0,960,10.1,29.0,13.0,5.0,0.0,0.0,0.0,1.0,15.0,TE
David Njoku (CLE),81.0,123.0,882,10.9,43.0,12.0,6.0,0.0,0.0,0.0,2.0,16.0,TE
Evan Engram (JAC),114.0,143.0,963,8.4,34.0,9.0,4.0,0.0,0.0,0.0,2.0,17.0,TE
Taysom Hill (NO),33.0,40.0,291,8.8,36.0,2.0,2.0,81.0,401.0,4.0,1.0,16.0,TE
Cole Kmet (CHI),73.0,90.0,719,9.8,53.0,9.0,6.0,3.0,2.0,0.0,0.0,17.0,TE
Jake Ferguson (DAL),71.0,102.0,761,10.7,40.0,8.0,5.0,0.0,0.0,0.0,0.0,17.0,TE
Trey McBride (ARI),81.0,106.0,825,10.2,38.0,9.0,3.0,0.0,0.0,0.0,0.0,17.0,TE
Dalton Schultz (HOU),59.0,88.0,635,10.8,31.0,7.0,5.0,0.0,0.0,0.0,1.0,15.0,TE
Mark Andrews (BAL),45.0,61.0,544,12.1,38.0,8.0,6.0,1.0,0.0,0.0,0.0,10.0,TE
Kyle Pitts (ATL),53.0,90.0,667,12.6,39.0,7.0,3.0,1.0,-4.0,0.0,0.0,17.0,TE
Hunter Henry (NE),42.0,61.0,419,10.0,24.0,2.0,6.0,0.0,0.0,0.0,0.0,14.0,TE
Dalton Kincaid (BUF),73.0,91.0,673,9.2,51.0,5.0,2.0,0.0,0.0,0.0,1.0,16.0,TE
Dallas Goedert (PHI),59.0,83.0,592,10.0,49.0,6.0,3.0,1.0,1.0,0.0,0.0,14.0,TE
Jonnu Smith (MIA),50.0,70.0,582,11.6,60.0,4.0,3.0,1.0,0.0,0.0,1.0,17.0,TE
Logan Thomas (SF),55.0,78.0,496,9.0,29.0,3.0,4.0,1.0,2.0,0.0,2.0,16.0,TE
Isaiah Likely (BAL),30.0,40.0,411,13.7,54.0,6.0,5.0,0.0,0.0,0.0,0.0,17.0,TE
Cade Otton (TB),47.0,67.0,455,9.7,27.0,6.0,4.0,0.0,0.0,0.0,1.0,17.0,TE
Tyler Conklin (NYJ),61.0,87.0,621,10.2,37.0,7.0,0.0,1.0,0.0,0.0,0.0,17.0,TE
Tyler Higbee (LAR),47.0,70.0,495,10.5,33.0,6.0,2.0,0.0,0.0,0.0,0.0,15.0,TE
Darren Waller (FA),52.0,74.0,552,10.6,29.0,8.0,1.0,0.0,0.0,0.0,0.0,12.0,TE
Juwan Johnson (NO),37.0,59.0,368,9.9,32.0,7.0,4.0,0.0,0.0,0.0,0.0,13.0,TE
Gerald Everett (CHI),51.0,70.0,411,8.1,31.0,4.0,3.0,3.0,10.0,0.0,0.0,15.0,TE
Chigoziem Okonkwo (TEN),54.0,77.0,528,9.8,39.0,6.0,1.0,2.0,6.0,0.0,0.0,17.0,TE
Donald Parham Jr. (LAC),27.0,41.0,285,10.6,24.0,2.0,4.0,0.0,0.0,0.0,0.0,14.0,TE
Tucker Kraft (GB),31.0,40.0,355,11.5,43.0,5.0,2.0,0.0,0.0,0.0,0.0,17.0,TE
Pat Freiermuth (PIT),32.0,47.0,308,9.6,29.0,3.0,2.0,0.0,0.0,0.0,0.0,12.0,TE
Michael Mayer (LV),27.0,40.0,304,11.3,32.0,2.0,2.0,0.0,0.0,0.0,0.0,14.0,TE
Kylen Granson (IND),30.0,50.0,368,12.3,46.0,5.0,1.0,1.0,2.0,0.0,0.0,15.0,TE
Noah Gray (KC),28.0,41.0,305,10.9,34.0,4.0,2.0,1.0,1.0,0.0,0.0,17.0,TE
Noah Fant (SEA),32.0,43.0,414,12.9,51.0,7.0,0.0,0.0,0.0,0.0,0.0,17.0,TE
Luke Musgrave (GB),34.0,46.0,352,10.4,37.0,5.0,1.0,0.0,0.0,0.0,0.0,11.0,TE
Tanner Hudson (CIN),39.0,50.0,352,9.0,26.0,3.0,1.0,0.0,0.0,0.0,0.0,12.0,TE
Adam Trautman (DEN),22.0,35.0,204,9.3,24.0,2.0,3.0,0.0,0.0,0.0,0.0,17.0,TE
Tommy Tremble (CAR),23.0,32.0,194,8.4,30.0,2.0,3.0,0.0,0.0,0.0,0.0,16.0,TE
Colby Parkinson (LAR),25.0,34.0,247,9.9,27.0,5.0,2.0,0.0,0.0,0.0,0.0,17.0,TE
Durham Smythe (MIA),35.0,43.0,366,10.5,22.0,3.0,0.0,0.0,0.0,0.0,0.0,16.0,TE
Mike Gesicki (CIN),29.0,45.0,244,8.4,18.0,0.0,2.0,0.0,0.0,0.0,0.0,17.0,TE
Mo Alie-Cox (IND),13.0,22.0,161,12.4,35.0,2.0,3.0,0.0,0.0,0.0,0.0,17.0,TE
Brevin Jordan (HOU),17.0,21.0,219,12.9,27.0,3.0,2.0,0.0,0.0,0.0,0.0,13.0,TE
Dawson Knox (BUF),22.0,36.0,186,8.5,17.0,0.0,2.0,0.0,0.0,0.0,0.0,12.0,TE
Josh Oliver (MIN),22.0,28.0,213,9.7,33.0,3.0,2.0,0.0,0.0,0.0,1.0,17.0,TE
Drew Sample (CIN),22.0,27.0,163,7.4,22.0,1.0,2.0,0.0,0.0,0.0,0.0,17.0,TE
Jimmy Graham (FA),6.0,7.0,39,6.5,12.0,0.0,4.0,0.0,0.0,0.0,0.0,13.0,TE
Andrew Beck (HOU),11.0,13.0,55,5.0,26.0,1.0,2.0,5.0,3.0,1.0,1.0,15.0,TE
Drew Ogletree (IND),9.0,21.0,147,16.3,33.0,4.0,2.0,0.0,0.0,0.0,0.0,12.0,TE
Daniel Bellinger (NYG),25.0,28.0,255,10.2,26.0,4.0,0.0,0.0,0.0,0.0,0.0,17.0,TE
Foster Moreau (NO),21.0,25.0,193,9.2,23.0,1.0,1.0,0.0,0.0,0.0,0.0,15.0,TE
Harrison Bryant (LV),13.0,20.0,81,6.2,23.0,1.0,3.0,5.0,8.0,0.0,1.0,17.0,TE
Pharaoh Brown (SEA),13.0,15.0,208,16.0,58.0,5.0,1.0,0.0,0.0,0.0,1.0,17.0,TE
Zach Ertz (WAS),27.0,43.0,187,6.9,17.0,0.0,1.0,0.0,0.0,0.0,0.0,7.0,TE
Hayden Hurst (LAC),18.0,32.0,184,10.2,48.0,1.0,1.0,0.0,0.0,0.0,0.0,10.0,TE
Austin Hooper (NE),25.0,31.0,234,9.4,21.0,2.0,0.0,0.0,0.0,0.0,0.0,17.0,TE
Will Dissly (LAC),17.0,22.0,172,10.1,21.0,2.0,1.0,0.0,0.0,0.0,0.0,16.0,TE
Johnny Mundt (MIN),17.0,23.0,172,10.1,32.0,2.0,1.0,0.0,0.0,0.0,0.0,17.0,TE
Elijah Higgins (ARI),14.0,19.0,163,11.6,26.0,3.0,1.0,0.0,0.0,0.0,0.0,11.0,TE
Stone Smartt (LAC),11.0,21.0,155,14.1,51.0,3.0,1.0,0.0,0.0,0.0,0.0,16.0,TE
Will Mallory (IND),18.0,26.0,207,11.5,43.0,1.0,0.0,0.0,0.0,0.0,0.0,12.0,TE
Luke Schoonmaker (DAL),8.0,15.0,65,8.1,18.0,0.0,2.0,0.0,0.0,0.0,0.0,17.0,TE
MyCole Pruitt (PIT),9.0,12.0,110,12.2,22.0,2.0,1.0,0.0,0.0,0.0,0.0,17.0,TE
Connor Heyward (PIT),23.0,34.0,167,7.3,13.0,0.0,0.0,1.0,0.0,0.0,0.0,17.0,TE
Lucas Krull (DEN),8.0,14.0,95,11.9,35.0,1.0,1.0,0.0,0.0,0.0,0.0,7.0,TE
Davis Allen (LAR),10.0,11.0,95,9.5,21.0,1.0,1.0,0.0,0.0,0.0,0.0,15.0,TE
Irv Smith Jr. (KC),18.0,26.0,115,6.4,14.0,0.0,1.0,0.0,0.0,0.0,1.0,12.0,TE
Luke Farrell (JAC),13.0,15.0,155,11.9,42.0,2.0,0.0,0.0,0.0,0.0,0.0,17.0,TE
Josh Whyle (TEN),9.0,15.0,94,10.4,24.0,1.0,1.0,0.0,0.0,0.0,0.0,11.0,TE
Jeremy Ruckert (NYJ),16.0,22.0,151,9.4,23.0,1.0,0.0,0.0,0.0,0.0,0.0,15.0,TE
Brock Wright (DET),13.0,14.0,91,7.0,25.0,1.0,1.0,0.0,0.0,0.0,0.0,14.0,TE
John Bates (WAS),19.0,28.0,151,7.9,35.0,1.0,0.0,0.0,0.0,0.0,0.0,17.0,TE
Charlie Kolar (BAL),7.0,9.0,87,12.4,19.0,0.0,1.0,0.0,0.0,0.0,0.0,14.0,TE
Jordan Akins (CLE),15.0,23.0,132,8.8,28.0,1.0,0.0,0.0,0.0,0.0,0.0,17.0,TE
Stephen Sullivan (CAR),12.0,24.0,125,10.4,20.0,1.0,0.0,0.0,0.0,0.0,0.0,11.0,TE
Cole Turner (WAS),11.0,15.0,120,10.9,29.0,2.0,0.0,0.0,0.0,0.0,0.0,12.0,TE
C.J. Uzomah (PHI),8.0,12.0,58,7.3,19.0,0.0,1.0,0.0,0.0,0.0,0.0,12.0,TE
Robert Tonyan (MIN),11.0,17.0,112,10.2,24.0,1.0,0.0,0.0,0.0,0.0,0.0,17.0,TE
Brenton Strange (JAC),5.0,9.0,35,7.0,17.0,0.0,1.0,0.0,0.0,0.0,0.0,14.0,TE
Geoff Swaim (FA),10.0,11.0,94,9.4,26.0,1.0,0.0,0.0,0.0,0.0,0.0,14.0,TE
Marcedes Lewis (CHI),4.0,5.0,29,7.3,16.0,0.0,1.0,0.0,0.0,0.0,0.0,17.0,TE
Quintin Morris (BUF),2.0,3.0,26,13.0,15.0,0.0,1.0,0.0,0.0,0.0,0.0,15.0,TE
Ben Sims (GB),4.0,6.0,21,5.3,12.0,0.0,1.0,0.0,0.0,0.0,0.0,16.0,TE
Brycen Hopkins (FA),5.0,7.0,78,15.6,29.0,2.0,0.0,0.0,0.0,0.0,0.0,15.0,TE
Blake Bell (FA),5.0,9.0,26,5.2,8.0,0.0,1.0,0.0,0.0,0.0,1.0,17.0,TE
Josiah Deguara (JAC),8.0,8.0,65,8.1,19.0,0.0,0.0,0.0,0.0,0.0,0.0,15.0,TE
Ko Kieft (TB),1.0,5.0,2,2.0,2.0,0.0,1.0,0.0,0.0,0.0,0.0,16.0,TE
Darnell Washington (PIT),7.0,10.0,61,8.7,12.0,0.0,0.0,0.0,0.0,0.0,0.0,17.0,TE
Payne Durham (TB),5.0,7.0,58,11.6,25.0,1.0,0.0,0.0,0.0,0.0,0.0,13.0,TE
Ian Thomas (CAR),5.0,9.0,56,11.2,28.0,1.0,0.0,0.0,0.0,0.0,0.0,12.0,TE
Mitchell Wilcox (NE),9.0,12.0,56,6.2,12.0,0.0,0.0,0.0,0.0,0.0,0.0,17.0,TE
Grant Calcaterra (PHI),4.0,4.0,39,9.8,12.0,0.0,0.0,0.0,0.0,0.0,0.0,14.0,TE
Jack Stoll (NYG),5.0,8.0,38,7.6,14.0,0.0,0.0,0.0,0.0,0.0,0.0,17.0,TE
Peyton Hendershot (DAL),4.0,7.0,38,9.5,24.0,1.0,0.0,1.0,0.0,0.0,0.0,8.0,TE
Teagan Quitoriano (HOU),2.0,3.0,33,16.5,22.0,1.0,0.0,0.0,0.0,0.0,0.0,7.0,TE
Charlie Woerner (ATL),3.0,3.0,32,10.7,20.0,1.0,0.0,0.0,0.0,0.0,0.0,17.0,TE
Julian Hill (MIA),6.0,9.0,48,8.0,18.0,0.0,0.0,0.0,0.0,0.0,1.0,15.0,TE
James Mitchell (DET),2.0,2.0,28,14.0,24.0,1.0,0.0,0.0,0.0,0.0,0.0,14.0,TE
Kenny Yeboah (NYJ),2.0,4.0,28,14.0,20.0,1.0,0.0,0.0,0.0,0.0,0.0,5.0,TE
Greg Dulcich (DEN),3.0,4.0,25,8.3,13.0,0.0,0.0,0.0,0.0,0.0,0.0,2.0,TE
Nate Adkins (DEN),4.0,5.0,22,5.5,11.0,0.0,0.0,0.0,0.0,0.0,0.0,10.0,TE
Nick Muse (MIN),1.0,1.0,22,22.0,22.0,1.0,0.0,0.0,0.0,0.0,0.0,1.0,TE
Trevon Wesco (FA),1.0,3.0,21,21.0,21.0,1.0,0.0,0.0,0.0,0.0,0.0,15.0,TE
Chris Manhertz (NYG),2.0,4.0,16,8.0,10.0,0.0,0.0,0.0,0.0,0.0,0.0,16.0,TE
Eric Saubert (SF),3.0,3.0,12,4.0,5.0,0.0,0.0,0.0,0.0,0.0,0.0,8.0,TE
Ross Dwelley (ATL),1.0,2.0,12,12.0,12.0,0.0,0.0,0.0,0.0,0.0,0.0,12.0,TE
John FitzPatrick (ATL),1.0,1.0,12,12.0,12.0,0.0,0.0,0.0,0.0,0.0,0.0,7.0,TE
Tucker Fisk (FA),1.0,1.0,9,9.0,9.0,0.0,0.0,0.0,0.0,0.0,0.0,6.0,TE
Cole Fotheringham (LV),1.0,1.0,6,6.0,6.0,0.0,0.0,0.0,0.0,0.0,0.0,2.0,TE
Kevin Rader (FA),1.0,3.0,6,6.0,6.0,0.0,0.0,0.0,0.0,0.0,0.0,14.0,TE
Jesper Horsted (NO),1.0,1.0,4,4.0,4.0,0.0,0.0,0.0,0.0,0.0,0.0,5.0,TE
Nick Vannett (TEN),1.0,1.0,3,3.0,3.0,0.0,0.0,0.0,0.0,0.0,0.0,8.0,TE
Giovanni Ricci (CLE),1.0,1.0,2,2.0,2.0,0.0,0.0,0.0,0.0,0.0,0.0,6.0,TE
Matt Sokol (FA),0.0,0.0,0,0.0,0.0,0.0,0.0,0.0,0.0,0.0,0.0,4.0,TE
Matt Orzech (GB),0.0,0.0,0,0.0,0.0,0.0,0.0,0.0,0.0,0.0,0.0,0.0,TE
Parker Hesse (DET),0.0,0.0,0,0.0,0.0,0.0,0.0,0.0,0.0,0.0,0.0,3.0,TE
Mitchell Fraboni (DEN),0.0,0.0,0,0.0,0.0,0.0,0.0,0.0,0.0,0.0,0.0,6.0,TE
Tommy Sweeney (CHI),0.0,0.0,0,0.0,0.0,0.0,0.0,0.0,0.0,0.0,0.0,0.0,TE
Tyree Jackson (NYG),0.0,0.0,0,0.0,0.0,0.0,0.0,0.0,0.0,0.0,0.0,2.0,TE
Zach Gentry (LV),0.0,0.0,0,0.0,0.0,0.0,0.0,0.0,0.0,0.0,0.0,1.0,TE
Stephen Carlson (CHI),0.0,0.0,0,0.0,0.0,0.0,0.0,0.0,0.0,0.0,0.0,0.0,TE
Jody Fortson Jr. (MIA),0.0,0.0,0,0.0,0.0,0.0,0.0,0.0,0.0,0.0,0.0,0.0,TE
Dalton Keene (HOU),0.0,0.0,0,0.0,0.0,0.0,0.0,0.0,0.0,0.0,0.0,2.0,TE
Noah Togiai (FA),0.0,0.0,0,0.0,0.0,0.0,0.0,0.0,0.0,0.0,0.0,1.0,TE
Lawrence Cager (NYG),4.0,5.0,36,9.0,10.0,0.0,1.0,0.0,0.0,0.0,0.0,9.0,TE
Tyler Mabry (SEA),0.0,0.0,0,0.0,0.0,0.0,0.0,0.0,0.0,0.0,0.0,0.0,TE
Sean McKeon (DET),0.0,2.0,0,0.0,0.0,0.0,0.0,0.0,0.0,0.0,0.0,9.0,TE
Tyler Davis (GB),0.0,0.0,0,0.0,0.0,0.0,0.0,0.0,0.0,0.0,0.0,0.0,TE
Scotty Washington (BAL),0.0,0.0,0,0.0,0.0,0.0,0.0,0.0,0.0,0.0,0.0,0.0,TE
Tommy Hudson (NO),0.0,0.0,0,0.0,0.0,0.0,0.0,0.0,0.0,0.0,0.0,0.0,TE
Cade Stover (HOU),0.0,0.0,0,0.0,0.0,0.0,0.0,0.0,0.0,0.0,0.0,0.0,TE
Zack Kuntz (NYJ),0.0,0.0,0,0.0,0.0,0.0,0.0,0.0,0.0,0.0,0.0,2.0,TE
Brayden Willis (SF),0.0,0.0,0,0.0,0.0,0.0,0.0,0.0,0.0,0.0,0.0,7.0,TE
Derek Parish (FA),0.0,0.0,0,0.0,0.0,0.0,0.0,0.0,0.0,0.0,0.0,1.0,TE
Joel Wilson (GB),0.0,0.0,0,0.0,0.0,0.0,0.0,0.0,0.0,0.0,0.0,0.0,TE
Blake Whiteheart (ARI),0.0,0.0,0,0.0,0.0,0.0,0.0,0.0,0.0,0.0,0.0,1.0,TE
Henry Pearson (GB),0.0,0.0,0,0.0,0.0,0.0,0.0,0.0,0.0,0.0,0.0,2.0,TE
Patrick Murtagh (JAC),0.0,0.0,0,0.0,0.0,0.0,0.0,0.0,0.0,0.0,0.0,0.0,TE
Brady Russell (SEA),0.0,0.0,0,0.0,0.0,0.0,0.0,0.0,0.0,0.0,0.0,10.0,TE
E.J. Jenkins (PHI),0.0,0.0,0,0.0,0.0,0.0,0.0,0.0,0.0,0.0,0.0,0.0,TE
Travis Vokolek (ARI),0.0,0.0,0,0.0,0.0,0.0,0.0,0.0,0.0,0.0,0.0,2.0,TE
Thomas Odukoya (TEN),0.0,0.0,0,0.0,0.0,0.0,0.0,0.0,0.0,0.0,0.0,0.0,TE
Tanner Taula (TB),0.0,0.0,0,0.0,0.0,0.0,0.0,0.0,0.0,0.0,0.0,0.0,TE
Rodney Williams (PIT),0.0,2.0,0,0.0,0.0,0.0,0.0,0.0,0.0,0.0,0.0,13.0,TE
Chris Pierce Jr. (FA),0.0,0.0,0,0.0,0.0,0.0,0.0,0.0,0.0,0.0,0.0,1.0,TE
Leroy Watson IV (TEN),0.0,0.0,0,0.0,0.0,0.0,0.0,0.0,0.0,0.0,0.0,4.0,TE
Dallin Holker (NO),0.0,0.0,0,0.0,0.0,0.0,0.0,0.0,0.0,0.0,0.0,0.0,TE
Jaheim Bell (NE),0.0,0.0,0,0.0,0.0,0.0,0.0,0.0,0.0,0.0,0.0,0.0,TE
Kehinde Oginni Hassan (ATL),0.0,0.0,0,0.0,0.0,0.0,0.0,0.0,0.0,0.0,0.0,0.0,TE
Jake Tonges (SF),0.0,0.0,0,0.0,0.0,0.0,0.0,0.0,0.0,0.0,0.0,0.0,TE
Zaire Mitchell-Paden (CLE),0.0,0.0,0,0.0,0.0,0.0,0.0,0.0,0.0,0.0,0.0,0.0,TE
Alec Holler (DAL),0.0,0.0,0,0.0,0.0,0.0,0.0,0.0,0.0,0.0,0.0,0.0,TE
Tip Reiman (ARI),0.0,0.0,0,0.0,0.0,0.0,0.0,0.0,0.0,0.0,0.0,0.0,TE
Jacob Warren (NE),0.0,0.0,0,0.0,0.0,0.0,0.0,0.0,0.0,0.0,0.0,0.0,TE
Jack Westover (SEA),0.0,0.0,0,0.0,0.0,0.0,0.0,0.0,0.0,0.0,0.0,0.0,TE
Brenden Bates (CHI),0.0,0.0,0,0.0,0.0,0.0,0.0,0.0,0.0,0.0,0.0,0.0,TE
Messiah Swinson (GB),0.0,0.0,0,0.0,0.0,0.0,0.0,0.0,0.0,0.0,0.0,0.0,TE
Devin Culp (TB),0.0,0.0,0,0.0,0.0,0.0,0.0,0.0,0.0,0.0,0.0,0.0,TE
Luke Benson (LAC),0.0,0.0,0,0.0,0.0,0.0,0.0,0.0,0.0,0.0,0.0,0.0,TE
Colson Yankoff (WAS),0.0,0.0,0,0.0,0.0,0.0,0.0,0.0,0.0,0.0,0.0,0.0,TE
Steven Stilianos (TEN),0.0,0.0,0,0.0,0.0,0.0,0.0,0.0,0.0,0.0,0.0,0.0,TE
Treyton Welch (CLE),0.0,0.0,0,0.0,0.0,0.0,0.0,0.0,0.0,0.0,0.0,0.0,TE
Mason Pline (SF),0.0,0.0,0,0.0,0.0,0.0,0.0,0.0,0.0,0.0,0.0,0.0,TE
Thomas Yassmin (DEN),0.0,0.0,0,0.0,0.0,0.0,0.0,0.0,0.0,0.0,0.0,0.0,TE
Neal Johnson (LAR),0.0,0.0,0,0.0,0.0,0.0,0.0,0.0,0.0,0.0,0.0,0.0,TE
Trent Pennix (IND),0.0,0.0,0,0.0,0.0,0.0,0.0,0.0,0.0,0.0,0.0,0.0,TE
Kevin Foelsch (NYJ),0.0,0.0,0,0.0,0.0,0.0,0.0,0.0,0.0,0.0,0.0,0.0,TE
Shawn Bowman (JAC),0.0,0.0,0,0.0,0.0,0.0,0.0,0.0,0.0,0.0,0.0,0.0,TE
Lincoln Sefcik (NYJ),0.0,0.0,0,0.0,0.0,0.0,0.0,0.0,0.0,0.0,0.0,0.0,TE
Mike Rigerman (BAL),0.0,0.0,0,0.0,0.0,0.0,0.0,0.0,0.0,0.0,0.0,0.0,TE
Riley Sharp (BAL),0.0,0.0,0,0.0,0.0,0.0,0.0,0.0,0.0,0.0,0.0,0.0,TE
David Martin-Robinson (TEN),0.0,0.0,0,0.0,0.0,0.0,0.0,0.0,0.0,0.0,0.0,0.0,TE
Cam Grandy (CIN),0.0,0.0,0,0.0,0.0,0.0,0.0,0.0,0.0,0.0,0.0,0.0,TE
John Samuel Shenker (LV),0.0,0.0,0,0.0,0.0,0.0,0.0,0.0,0.0,0.0,0.0,0.0,TE
Jordan Murray (IND),0.0,0.0,0,0.0,0.0,0.0,0.0,0.0,0.0,0.0,0.0,0.0,TE
Princeton Fant (DAL),0.0,0.0,0,0.0,0.0,0.0,0.0,0.0,0.0,0.0,0.0,0.0,TE
John Stephens Jr. (DAL),0.0,0.0,0,0.0,0.0,0.0,0.0,0.0,0.0,0.0,0.0,0.0,TE
Izaiah Gathings (KC),0.0,0.0,0,0.0,0.0,0.0,0.0,0.0,0.0,0.0,0.0,0.0,TE
Brevyn Spann-Ford (DAL),0.0,0.0,0,0.0,0.0,0.0,0.0,0.0,0.0,0.0,0.0,0.0,TE
Zach Heins (LAC),0.0,0.0,0,0.0,0.0,0.0,0.0,0.0,0.0,0.0,0.0,0.0,TE
McCallan Castles (PHI),0.0,0.0,0,0.0,0.0,0.0,0.0,0.0,0.0,0.0,0.0,0.0,TE
Tanner McLachlan (CIN),0.0,0.0,0,0.0,0.0,0.0,0.0,0.0,0.0,0.0,0.0,0.0,TE
Jared Wiley (KC),0.0,0.0,0,0.0,0.0,0.0,0.0,0.0,0.0,0.0,0.0,0.0,TE
AJ Barner (SEA),0.0,0.0,0,0.0,0.0,0.0,0.0,0.0,0.0,0.0,0.0,0.0,TE
Ben Sinnott (WAS),0.0,0.0,0,0.0,0.0,0.0,0.0,0.0,0.0,0.0,0.0,0.0,TE
La'Michael Pettway (NE),0.0,0.0,0,0.0,0.0,0.0,0.0,0.0,0.0,0.0,0.0,0.0,TE
Matt Bushman (FA),0.0,0.0,0,0.0,0.0,0.0,0.0,0.0,0.0,0.0,0.0,1.0,TE
Trey Knox (MIN),0.0,0.0,0,0.0,0.0,0.0,0.0,0.0,0.0,0.0,0.0,0.0,TE
Brock Bowers (LV),0.0,0.0,0,0.0,0.0,0.0,0.0,0.0,0.0,0.0,0.0,0.0,TE
Austin Stogner (ATL),0.0,0.0,0,0.0,0.0,0.0,0.0,0.0,0.0,0.0,0.0,0.0,TE
Theo Johnson (NYG),0.0,0.0,0,0.0,0.0,0.0,0.0,0.0,0.0,0.0,0.0,0.0,TE
Baylor Cupp (KC),0.0,0.0,0,0.0,0.0,0.0,0.0,0.0,0.0,0.0,0.0,0.0,TE
Miller Forristall (LAR),0.0,0.0,0,0.0,0.0,0.0,0.0,0.0,0.0,0.0,0.0,0.0,TE
Tre' McKitty (BUF),0.0,0.0,0,0.0,0.0,0.0,0.0,0.0,0.0,0.0,0.0,6.0,TE
Hunter Long (LAR),0.0,0.0,0,0.0,0.0,0.0,0.0,0.0,0.0,0.0,0.0,3.0,TE
Albert Okwuegbunam Jr. (PHI),0.0,1.0,0,0.0,0.0,0.0,0.0,0.0,0.0,0.0,0.0,4.0,TE
Sammis Reyes (MIN),0.0,0.0,0,0.0,0.0,0.0,0.0,0.0,0.0,0.0,0.0,0.0,TE
Cameron Latu (SF),0.0,0.0,0,0.0,0.0,0.0,0.0,0.0,0.0,0.0,0.0,0.0,TE
Erick All Jr. (CIN),0.0,0.0,0,0.0,0.0,0.0,0.0,0.0,0.0,0.0,0.0,0.0,TE
Nikola Kalinic (LAR),0.0,0.0,0,0.0,0.0,0.0,0.0,0.0,0.0,0.0,0.0,0.0,TE
Tanner Conner (MIA),0.0,0.0,0,0.0,0.0,0.0,0.0,0.0,0.0,0.0,0.0,3.0,TE
Armani Rogers (WAS),0.0,0.0,0,0.0,0.0,0.0,0.0,0.0,0.0,0.0,0.0,0.0,TE
Ja'Tavion Sanders (CAR),0.0,0.0,0,0.0,0.0,0.0,0.0,0.0,0.0,0.0,0.0,0.0,TE
Jelani Woods (IND),0.0,0.0,0,0.0,0.0,0.0,0.0,0.0,0.0,0.0,0.0,0.0,TE
Jacob Harris (PHI),0.0,0.0,0,0.0,0.0,0.0,0.0,0.0,0.0,0.0,0.0,2.0,TE
Josh Pederson (JAC),0.0,0.0,0,0.0,0.0,0.0,0.0,0.0,0.0,0.0,0.0,2.0,TE
Ben Mason (LAC),0.0,0.0,0,0.0,0.0,0.0,0.0,0.0,0.0,0.0,0.0,1.0,TE
Hunter Kampmoyer (FA),0.0,0.0,0,0.0,0.0,0.0,0.0,0.0,0.0,0.0,0.0,1.0,TE
Zach Davidson (BUF),0.0,0.0,0,0.0,0.0,0.0,0.0,0.0,0.0,0.0,0.0,0.0,TE
Bernhard Seikovits (ARI),0.0,0.0,0,0.0,0.0,0.0,0.0,0.0,0.0,0.0,0.0,0.0,TE
Michael Jacobson (NO),0.0,0.0,0,0.0,0.0,0.0,0.0,0.0,0.0,0.0,0.0,0.0,TE
Shane Zylstra (DET),0.0,0.0,0,0.0,0.0,0.0,0.0,0.0,0.0,0.0,0.0,0.0,TE
Dominique Curry (DET),0.0,0.0,0,0.0,0.0,0.0,0.0,0.0,0.0,0.0,0.0,0.0,TE
Drake Dunsmore (TB),0.0,0.0,0,0.0,0.0,0.0,0.0,0.0,0.0,0.0,0.0,0.0,TE
Jordan Matthews (CAR),0.0,0.0,0,0.0,0.0,0.0,0.0,0.0,0.0,0.0,0.0,0.0,TE
Derek Fine (HOU),0.0,0.0,0,0.0,0.0,0.0,0.0,0.0,0.0,0.0,0.0,0.0,TE
J.P. Foschi (CIN),0.0,0.0,0,0.0,0.0,0.0,0.0,0.0,0.0,0.0,0.0,0.0,TE
Darnell Dinkins (NO),0.0,0.0,0,0.0,0.0,0.0,0.0,0.0,0.0,0.0,0.0,0.0,TE
Brad Cottam (KC),0.0,0.0,0,0.0,0.0,0.0,0.0,0.0,0.0,0.0,0.0,0.0,TE
Joey Haynos (MIA),0.0,0.0,0,0.0,0.0,0.0,0.0,0.0,0.0,0.0,0.0,0.0,TE
James Dearth (NYJ),0.0,0.0,0,0.0,0.0,0.0,0.0,0.0,0.0,0.0,0.0,0.0,TE
Marquez Branson (ATL),0.0,0.0,0,0.0,0.0,0.0,0.0,0.0,0.0,0.0,0.0,0.0,TE
Keith Zinger (ATL),0.0,0.0,0,0.0,0.0,0.0,0.0,0.0,0.0,0.0,0.0,0.0,TE
Justin Snow (IND),0.0,0.0,0,0.0,0.0,0.0,0.0,0.0,0.0,0.0,0.0,0.0,TE
N'Keal Harry (MIN),0.0,0.0,0,0.0,0.0,0.0,0.0,0.0,0.0,0.0,0.0,8.0,TE
Anthony Firkser (FA),0.0,0.0,0,0.0,0.0,0.0,0.0,0.0,0.0,0.0,0.0,1.0,TE
Darrell Daniels (FA),0.0,0.0,0,0.0,0.0,0.0,0.0,0.0,0.0,0.0,0.0,3.0,TE
J.P. Holtz (FA),0.0,0.0,0,0.0,0.0,0.0,0.0,0.0,0.0,0.0,0.0,1.0,TE
Zach Wood (NO),0.0,0.0,0,0.0,0.0,0.0,0.0,0.0,0.0,0.0,0.0,4.0,TE
Jordan Thomas (FA),0.0,0.0,0,0.0,0.0,0.0,0.0,0.0,0.0,0.0,0.0,1.0,TE
Tyler Kroft (FA),0.0,0.0,0,0.0,0.0,0.0,0.0,0.0,0.0,0.0,0.0,6.0,TE
Patrick Scales (CHI),0.0,0.0,0,0.0,0.0,0.0,0.0,0.0,0.0,0.0,0.0,1.0,TE
James Winchester (KC),0.0,0.0,0,0.0,0.0,0.0,0.0,0.0,0.0,0.0,0.0,1.0,TE
Tyler Ott (WAS),0.0,0.0,0,0.0,0.0,0.0,0.0,0.0,0.0,0.0,0.0,3.0,TE
Stephen Anderson (FA),0.0,0.0,0,0.0,0.0,0.0,0.0,0.0,0.0,0.0,0.0,3.0,TE
Andrew DePaola (MIN),0.0,0.0,0,0.0,0.0,0.0,0.0,0.0,0.0,0.0,0.0,3.0,TE
Eric Tomlinson (IND),0.0,0.0,0,0.0,0.0,0.0,0.0,0.0,0.0,0.0,0.0,0.0,TE
Hayden Rucci (MIA),0.0,0.0,0,0.0,0.0,0.0,0.0,0.0,0.0,0.0,0.0,0.0,TE
David Wells (TB),2.0,2.0,-10,-5.0,1.0,0.0,0.0,0.0,0.0,0.0,0.0,5.0,TE
,,,,,,,,,,,,,TE
,,,,,,,,,,,,,TE
